CTCTGGAT	CTCTGGAT	28673099
CTCTGGAT	TCGACAAG	309
CTCTGGAT	CACTTCAC	367
CTCTGGAT	AGAGTCCA	1154
CTCTGGAT	ATCATGCG	648
CTCTGGAT	GTCCTAAG	651
CTCTGGAT	CTAGCTCA	1713
CTCTGGAT	ACGATCAG	695
CTCTGGAT	TATGGCAC	929
CTCTGGAT	TCGAGAGT	1324
CTCTGGAT	GATCAAGG	437
CTCTGGAT	TACCGGAT	6874
CTCTGGAT	TGTTCCGT	1323
CTCTGGAT	CGGTAATC	491
CTCTGGAT	GATCTTGC	361
CTCTGGAT	ATCGTGGT	544
CTCTGGAT	GCTACTCT	1688
CTCTGGAT	TAGCCATG	688
CTCTGGAT	GTAGCGTA	635
CTCTGGAT	TCTTCGAC	3279
CTCTGGAT	AACAGCGA	528
CTCTGGAT	AGGATAGC	582
CTCTGGAT	CGATCGAT	1090
CTCTGGAT	TCGGATTC	472
TCGACAAG	CTCTGGAT	237
TCGACAAG	TCGACAAG	3117155
TCGACAAG	CACTTCAC	19
TCGACAAG	AGAGTCCA	74
TCGACAAG	ATCATGCG	6450
TCGACAAG	GTCCTAAG	131
TCGACAAG	CTAGCTCA	125
TCGACAAG	ACGATCAG	140
TCGACAAG	TATGGCAC	88
TCGACAAG	TCGAGAGT	156
TCGACAAG	GATCAAGG	66
TCGACAAG	TACCGGAT	417
TCGACAAG	TGTTCCGT	98
TCGACAAG	CGGTAATC	30
TCGACAAG	GATCTTGC	31
TCGACAAG	ATCGTGGT	51
TCGACAAG	GCTACTCT	51
TCGACAAG	TAGCCATG	142
TCGACAAG	GTAGCGTA	56
TCGACAAG	TCTTCGAC	329
TCGACAAG	AACAGCGA	49
TCGACAAG	AGGATAGC	94
TCGACAAG	CGATCGAT	57
TCGACAAG	TCGGATTC	58
CACTTCAC	CTCTGGAT	348
CACTTCAC	TCGACAAG	34
CACTTCAC	CACTTCAC	3233197
CACTTCAC	AGAGTCCA	91
CACTTCAC	ATCATGCG	82
CACTTCAC	GTCCTAAG	61
CACTTCAC	CTAGCTCA	175
CACTTCAC	ACGATCAG	210
CACTTCAC	TATGGCAC	197
CACTTCAC	TCGAGAGT	72
CACTTCAC	GATCAAGG	62
CACTTCAC	TACCGGAT	526
CACTTCAC	TGTTCCGT	148
CACTTCAC	CGGTAATC	132
CACTTCAC	GATCTTGC	51
CACTTCAC	ATCGTGGT	54
CACTTCAC	GCTACTCT	49
CACTTCAC	TAGCCATG	2451
CACTTCAC	GTAGCGTA	64
CACTTCAC	TCTTCGAC	510
CACTTCAC	AACAGCGA	57
CACTTCAC	AGGATAGC	119
CACTTCAC	CGATCGAT	100
CACTTCAC	TCGGATTC	87
AGAGTCCA	CTCTGGAT	566
AGAGTCCA	TCGACAAG	70
AGAGTCCA	CACTTCAC	94
AGAGTCCA	AGAGTCCA	9139457
AGAGTCCA	ATCATGCG	218
AGAGTCCA	GTCCTAAG	158
AGAGTCCA	CTAGCTCA	570
AGAGTCCA	ACGATCAG	332
AGAGTCCA	TATGGCAC	252
AGAGTCCA	TCGAGAGT	636
AGAGTCCA	GATCAAGG	125
AGAGTCCA	TACCGGAT	1254
AGAGTCCA	TGTTCCGT	367
AGAGTCCA	CGGTAATC	102
AGAGTCCA	GATCTTGC	91
AGAGTCCA	ATCGTGGT	174
AGAGTCCA	GCTACTCT	170
AGAGTCCA	TAGCCATG	204
AGAGTCCA	GTAGCGTA	732
AGAGTCCA	TCTTCGAC	721
AGAGTCCA	AACAGCGA	274
AGAGTCCA	AGGATAGC	245
AGAGTCCA	CGATCGAT	149
AGAGTCCA	TCGGATTC	108
ATCATGCG	CTCTGGAT	709
ATCATGCG	TCGACAAG	185
ATCATGCG	CACTTCAC	99
ATCATGCG	AGAGTCCA	278
ATCATGCG	ATCATGCG	8227480
ATCATGCG	GTCCTAAG	335
ATCATGCG	CTAGCTCA	375
ATCATGCG	ACGATCAG	431
ATCATGCG	TATGGCAC	505
ATCATGCG	TCGAGAGT	231
ATCATGCG	GATCAAGG	289
ATCATGCG	TACCGGAT	1189
ATCATGCG	TGTTCCGT	349
ATCATGCG	CGGTAATC	107
ATCATGCG	GATCTTGC	141
ATCATGCG	ATCGTGGT	232
ATCATGCG	GCTACTCT	169
ATCATGCG	TAGCCATG	478
ATCATGCG	GTAGCGTA	155
ATCATGCG	TCTTCGAC	923
ATCATGCG	AACAGCGA	266
ATCATGCG	AGGATAGC	318
ATCATGCG	CGATCGAT	135
ATCATGCG	TCGGATTC	100
GTCCTAAG	CTCTGGAT	538
GTCCTAAG	TCGACAAG	104
GTCCTAAG	CACTTCAC	65
GTCCTAAG	AGAGTCCA	168
GTCCTAAG	ATCATGCG	207
GTCCTAAG	GTCCTAAG	7272561
GTCCTAAG	CTAGCTCA	260
GTCCTAAG	ACGATCAG	199
GTCCTAAG	TATGGCAC	5453
GTCCTAAG	TCGAGAGT	184
GTCCTAAG	GATCAAGG	225
GTCCTAAG	TACCGGAT	1116
GTCCTAAG	TGTTCCGT	581
GTCCTAAG	CGGTAATC	83
GTCCTAAG	GATCTTGC	109
GTCCTAAG	ATCGTGGT	107
GTCCTAAG	GCTACTCT	146
GTCCTAAG	TAGCCATG	222
GTCCTAAG	GTAGCGTA	190
GTCCTAAG	TCTTCGAC	641
GTCCTAAG	AACAGCGA	255
GTCCTAAG	AGGATAGC	151
GTCCTAAG	CGATCGAT	148
GTCCTAAG	TCGGATTC	186
CTAGCTCA	CTCTGGAT	2391
CTAGCTCA	TCGACAAG	11225
CTAGCTCA	CACTTCAC	170
CTAGCTCA	AGAGTCCA	589
CTAGCTCA	ATCATGCG	1279
CTAGCTCA	GTCCTAAG	355
CTAGCTCA	CTAGCTCA	14921008
CTAGCTCA	ACGATCAG	435
CTAGCTCA	TATGGCAC	455
CTAGCTCA	TCGAGAGT	654
CTAGCTCA	GATCAAGG	260
CTAGCTCA	TACCGGAT	2370
CTAGCTCA	TGTTCCGT	523
CTAGCTCA	CGGTAATC	212
CTAGCTCA	GATCTTGC	192
CTAGCTCA	ATCGTGGT	270
CTAGCTCA	GCTACTCT	1165
CTAGCTCA	TAGCCATG	438
CTAGCTCA	GTAGCGTA	686
CTAGCTCA	TCTTCGAC	1324
CTAGCTCA	AACAGCGA	315
CTAGCTCA	AGGATAGC	311
CTAGCTCA	CGATCGAT	290
CTAGCTCA	TCGGATTC	226
ACGATCAG	CTCTGGAT	541
ACGATCAG	TCGACAAG	187
ACGATCAG	CACTTCAC	110
ACGATCAG	AGAGTCCA	246
ACGATCAG	ATCATGCG	262
ACGATCAG	GTCCTAAG	260
ACGATCAG	CTAGCTCA	300
ACGATCAG	ACGATCAG	6767118
ACGATCAG	TATGGCAC	228
ACGATCAG	TCGAGAGT	279
ACGATCAG	GATCAAGG	175
ACGATCAG	TACCGGAT	1170
ACGATCAG	TGTTCCGT	292
ACGATCAG	CGGTAATC	122
ACGATCAG	GATCTTGC	80
ACGATCAG	ATCGTGGT	133
ACGATCAG	GCTACTCT	159
ACGATCAG	TAGCCATG	272
ACGATCAG	GTAGCGTA	163
ACGATCAG	TCTTCGAC	641
ACGATCAG	AACAGCGA	140
ACGATCAG	AGGATAGC	210
ACGATCAG	CGATCGAT	227
ACGATCAG	TCGGATTC	85
TATGGCAC	CTCTGGAT	872
TATGGCAC	TCGACAAG	127
TATGGCAC	CACTTCAC	261
TATGGCAC	AGAGTCCA	232
TATGGCAC	ATCATGCG	253
TATGGCAC	GTCCTAAG	467
TATGGCAC	CTAGCTCA	407
TATGGCAC	ACGATCAG	306
TATGGCAC	TATGGCAC	9024175
TATGGCAC	TCGAGAGT	555
TATGGCAC	GATCAAGG	187
TATGGCAC	TACCGGAT	2514
TATGGCAC	TGTTCCGT	70551
TATGGCAC	CGGTAATC	186
TATGGCAC	GATCTTGC	211
TATGGCAC	ATCGTGGT	178
TATGGCAC	GCTACTCT	150
TATGGCAC	TAGCCATG	295
TATGGCAC	GTAGCGTA	189
TATGGCAC	TCTTCGAC	2414
TATGGCAC	AACAGCGA	385
TATGGCAC	AGGATAGC	351
TATGGCAC	CGATCGAT	148
TATGGCAC	TCGGATTC	680
TCGAGAGT	CTCTGGAT	989
TCGAGAGT	TCGACAAG	145
TCGAGAGT	CACTTCAC	72
TCGAGAGT	AGAGTCCA	223
TCGAGAGT	ATCATGCG	194
TCGAGAGT	GTCCTAAG	193
TCGAGAGT	CTAGCTCA	410
TCGAGAGT	ACGATCAG	361
TCGAGAGT	TATGGCAC	240
TCGAGAGT	TCGAGAGT	8989830
TCGAGAGT	GATCAAGG	137
TCGAGAGT	TACCGGAT	1807
TCGAGAGT	TGTTCCGT	503
TCGAGAGT	CGGTAATC	136
TCGAGAGT	GATCTTGC	105
TCGAGAGT	ATCGTGGT	259
TCGAGAGT	GCTACTCT	349
TCGAGAGT	TAGCCATG	203
TCGAGAGT	GTAGCGTA	197
TCGAGAGT	TCTTCGAC	955
TCGAGAGT	AACAGCGA	173
TCGAGAGT	AGGATAGC	262
TCGAGAGT	CGATCGAT	190
TCGAGAGT	TCGGATTC	210
GATCAAGG	CTCTGGAT	354
GATCAAGG	TCGACAAG	73
GATCAAGG	CACTTCAC	41
GATCAAGG	AGAGTCCA	108
GATCAAGG	ATCATGCG	141
GATCAAGG	GTCCTAAG	199
GATCAAGG	CTAGCTCA	150
GATCAAGG	ACGATCAG	305
GATCAAGG	TATGGCAC	128
GATCAAGG	TCGAGAGT	128
GATCAAGG	GATCAAGG	5397408
GATCAAGG	TACCGGAT	749
GATCAAGG	TGTTCCGT	177
GATCAAGG	CGGTAATC	54
GATCAAGG	GATCTTGC	104
GATCAAGG	ATCGTGGT	254
GATCAAGG	GCTACTCT	103
GATCAAGG	TAGCCATG	163
GATCAAGG	GTAGCGTA	132
GATCAAGG	TCTTCGAC	12195
GATCAAGG	AACAGCGA	94
GATCAAGG	AGGATAGC	113
GATCAAGG	CGATCGAT	99
GATCAAGG	TCGGATTC	52
TACCGGAT	CTCTGGAT	6958
TACCGGAT	TCGACAAG	601
TACCGGAT	CACTTCAC	741
TACCGGAT	AGAGTCCA	1389
TACCGGAT	ATCATGCG	1204
TACCGGAT	GTCCTAAG	1196
TACCGGAT	CTAGCTCA	2467
TACCGGAT	ACGATCAG	1330
TACCGGAT	TATGGCAC	2147
TACCGGAT	TCGAGAGT	2037
TACCGGAT	GATCAAGG	1015
TACCGGAT	TACCGGAT	59072947
TACCGGAT	TGTTCCGT	2818
TACCGGAT	CGGTAATC	1861
TACCGGAT	GATCTTGC	650
TACCGGAT	ATCGTGGT	1200
TACCGGAT	GCTACTCT	925
TACCGGAT	TAGCCATG	2198
TACCGGAT	GTAGCGTA	1026
TACCGGAT	TCTTCGAC	6808
TACCGGAT	AACAGCGA	1044
TACCGGAT	AGGATAGC	1264
TACCGGAT	CGATCGAT	1112
TACCGGAT	TCGGATTC	844
TGTTCCGT	CTCTGGAT	1082
TGTTCCGT	TCGACAAG	128
TGTTCCGT	CACTTCAC	149
TGTTCCGT	AGAGTCCA	462
TGTTCCGT	ATCATGCG	387
TGTTCCGT	GTCCTAAG	226
TGTTCCGT	CTAGCTCA	509
TGTTCCGT	ACGATCAG	299
TGTTCCGT	TATGGCAC	68402
TGTTCCGT	TCGAGAGT	535
TGTTCCGT	GATCAAGG	195
TGTTCCGT	TACCGGAT	2567
TGTTCCGT	TGTTCCGT	13432181
TGTTCCGT	CGGTAATC	134
TGTTCCGT	GATCTTGC	206
TGTTCCGT	ATCGTGGT	252
TGTTCCGT	GCTACTCT	248
TGTTCCGT	TAGCCATG	320
TGTTCCGT	GTAGCGTA	295
TGTTCCGT	TCTTCGAC	1457
TGTTCCGT	AACAGCGA	522
TGTTCCGT	AGGATAGC	302
TGTTCCGT	CGATCGAT	303
TGTTCCGT	TCGGATTC	618
CGGTAATC	CTCTGGAT	331
CGGTAATC	TCGACAAG	38
CGGTAATC	CACTTCAC	99
CGGTAATC	AGAGTCCA	76
CGGTAATC	ATCATGCG	75
CGGTAATC	GTCCTAAG	58
CGGTAATC	CTAGCTCA	152
CGGTAATC	ACGATCAG	72
CGGTAATC	TATGGCAC	115
CGGTAATC	TCGAGAGT	94
CGGTAATC	GATCAAGG	76
CGGTAATC	TACCGGAT	4763
CGGTAATC	TGTTCCGT	128
CGGTAATC	CGGTAATC	3554041
CGGTAATC	GATCTTGC	62
CGGTAATC	ATCGTGGT	219
CGGTAATC	GCTACTCT	58
CGGTAATC	TAGCCATG	188
CGGTAATC	GTAGCGTA	71
CGGTAATC	TCTTCGAC	604
CGGTAATC	AACAGCGA	56
CGGTAATC	AGGATAGC	146
CGGTAATC	CGATCGAT	104
CGGTAATC	TCGGATTC	83
GATCTTGC	CTCTGGAT	221
GATCTTGC	TCGACAAG	25
GATCTTGC	CACTTCAC	53
GATCTTGC	AGAGTCCA	102
GATCTTGC	ATCATGCG	125
GATCTTGC	GTCCTAAG	87
GATCTTGC	CTAGCTCA	119
GATCTTGC	ACGATCAG	79
GATCTTGC	TATGGCAC	143
GATCTTGC	TCGAGAGT	84
GATCTTGC	GATCAAGG	84
GATCTTGC	TACCGGAT	415
GATCTTGC	TGTTCCGT	101
GATCTTGC	CGGTAATC	64
GATCTTGC	GATCTTGC	3104746
GATCTTGC	ATCGTGGT	39
GATCTTGC	GCTACTCT	69
GATCTTGC	TAGCCATG	65
GATCTTGC	GTAGCGTA	92
GATCTTGC	TCTTCGAC	382
GATCTTGC	AACAGCGA	97
GATCTTGC	AGGATAGC	222
GATCTTGC	CGATCGAT	131
GATCTTGC	TCGGATTC	48
ATCGTGGT	CTCTGGAT	662
ATCGTGGT	TCGACAAG	66
ATCGTGGT	CACTTCAC	39
ATCGTGGT	AGAGTCCA	166
ATCGTGGT	ATCATGCG	163
ATCGTGGT	GTCCTAAG	87
ATCGTGGT	CTAGCTCA	214
ATCGTGGT	ACGATCAG	172
ATCGTGGT	TATGGCAC	164
ATCGTGGT	TCGAGAGT	262
ATCGTGGT	GATCAAGG	430
ATCGTGGT	TACCGGAT	1031
ATCGTGGT	TGTTCCGT	203
ATCGTGGT	CGGTAATC	97
ATCGTGGT	GATCTTGC	76
ATCGTGGT	ATCGTGGT	5609274
ATCGTGGT	GCTACTCT	118
ATCGTGGT	TAGCCATG	130
ATCGTGGT	GTAGCGTA	130
ATCGTGGT	TCTTCGAC	817
ATCGTGGT	AACAGCGA	110
ATCGTGGT	AGGATAGC	153
ATCGTGGT	CGATCGAT	128
ATCGTGGT	TCGGATTC	81
GCTACTCT	CTCTGGAT	629
GCTACTCT	TCGACAAG	43
GCTACTCT	CACTTCAC	46
GCTACTCT	AGAGTCCA	248
GCTACTCT	ATCATGCG	152
GCTACTCT	GTCCTAAG	153
GCTACTCT	CTAGCTCA	337
GCTACTCT	ACGATCAG	202
GCTACTCT	TATGGCAC	166
GCTACTCT	TCGAGAGT	230
GCTACTCT	GATCAAGG	104
GCTACTCT	TACCGGAT	939
GCTACTCT	TGTTCCGT	310
GCTACTCT	CGGTAATC	70
GCTACTCT	GATCTTGC	86
GCTACTCT	ATCGTGGT	108
GCTACTCT	GCTACTCT	5483667
GCTACTCT	TAGCCATG	143
GCTACTCT	GTAGCGTA	423
GCTACTCT	TCTTCGAC	525
GCTACTCT	AACAGCGA	136
GCTACTCT	AGGATAGC	125
GCTACTCT	CGATCGAT	111
GCTACTCT	TCGGATTC	73
TAGCCATG	CTCTGGAT	523
TAGCCATG	TCGACAAG	112
TAGCCATG	CACTTCAC	144
TAGCCATG	AGAGTCCA	205
TAGCCATG	ATCATGCG	218
TAGCCATG	GTCCTAAG	233
TAGCCATG	CTAGCTCA	307
TAGCCATG	ACGATCAG	227
TAGCCATG	TATGGCAC	233
TAGCCATG	TCGAGAGT	189
TAGCCATG	GATCAAGG	181
TAGCCATG	TACCGGAT	1221
TAGCCATG	TGTTCCGT	282
TAGCCATG	CGGTAATC	73
TAGCCATG	GATCTTGC	87
TAGCCATG	ATCGTGGT	105
TAGCCATG	GCTACTCT	95
TAGCCATG	TAGCCATG	8751449
TAGCCATG	GTAGCGTA	150
TAGCCATG	TCTTCGAC	675
TAGCCATG	AACAGCGA	114
TAGCCATG	AGGATAGC	165
TAGCCATG	CGATCGAT	83
TAGCCATG	TCGGATTC	100
GTAGCGTA	CTCTGGAT	454
GTAGCGTA	TCGACAAG	54
GTAGCGTA	CACTTCAC	63
GTAGCGTA	AGAGTCCA	278
GTAGCGTA	ATCATGCG	173
GTAGCGTA	GTCCTAAG	205
GTAGCGTA	CTAGCTCA	422
GTAGCGTA	ACGATCAG	533
GTAGCGTA	TATGGCAC	193
GTAGCGTA	TCGAGAGT	460
GTAGCGTA	GATCAAGG	124
GTAGCGTA	TACCGGAT	990
GTAGCGTA	TGTTCCGT	282
GTAGCGTA	CGGTAATC	83
GTAGCGTA	GATCTTGC	76
GTAGCGTA	ATCGTGGT	152
GTAGCGTA	GCTACTCT	1091
GTAGCGTA	TAGCCATG	140
GTAGCGTA	GTAGCGTA	6687193
GTAGCGTA	TCTTCGAC	599
GTAGCGTA	AACAGCGA	185
GTAGCGTA	AGGATAGC	168
GTAGCGTA	CGATCGAT	111
GTAGCGTA	TCGGATTC	77
TCTTCGAC	CTCTGGAT	3159
TCTTCGAC	TCGACAAG	474
TCTTCGAC	CACTTCAC	508
TCTTCGAC	AGAGTCCA	780
TCTTCGAC	ATCATGCG	762
TCTTCGAC	GTCCTAAG	680
TCTTCGAC	CTAGCTCA	1431
TCTTCGAC	ACGATCAG	911
TCTTCGAC	TATGGCAC	1576
TCTTCGAC	TCGAGAGT	1411
TCTTCGAC	GATCAAGG	1232
TCTTCGAC	TACCGGAT	5446
TCTTCGAC	TGTTCCGT	1641
TCTTCGAC	CGGTAATC	645
TCTTCGAC	GATCTTGC	596
TCTTCGAC	ATCGTGGT	3447
TCTTCGAC	GCTACTCT	611
TCTTCGAC	TAGCCATG	867
TCTTCGAC	GTAGCGTA	667
TCTTCGAC	TCTTCGAC	34970711
TCTTCGAC	AACAGCGA	510
TCTTCGAC	AGGATAGC	1104
TCTTCGAC	CGATCGAT	665
TCTTCGAC	TCGGATTC	851
AACAGCGA	CTCTGGAT	624
AACAGCGA	TCGACAAG	74
AACAGCGA	CACTTCAC	80
AACAGCGA	AGAGTCCA	268
AACAGCGA	ATCATGCG	328
AACAGCGA	GTCCTAAG	179
AACAGCGA	CTAGCTCA	325
AACAGCGA	ACGATCAG	268
AACAGCGA	TATGGCAC	252
AACAGCGA	TCGAGAGT	207
AACAGCGA	GATCAAGG	186
AACAGCGA	TACCGGAT	1226
AACAGCGA	TGTTCCGT	282
AACAGCGA	CGGTAATC	87
AACAGCGA	GATCTTGC	427
AACAGCGA	ATCGTGGT	227
AACAGCGA	GCTACTCT	121
AACAGCGA	TAGCCATG	191
AACAGCGA	GTAGCGTA	257
AACAGCGA	TCTTCGAC	1230
AACAGCGA	AACAGCGA	7243761
AACAGCGA	AGGATAGC	269
AACAGCGA	CGATCGAT	198
AACAGCGA	TCGGATTC	236
AGGATAGC	CTCTGGAT	432
AGGATAGC	TCGACAAG	60
AGGATAGC	CACTTCAC	182
AGGATAGC	AGAGTCCA	242
AGGATAGC	ATCATGCG	259
AGGATAGC	GTCCTAAG	118
AGGATAGC	CTAGCTCA	266
AGGATAGC	ACGATCAG	272
AGGATAGC	TATGGCAC	281
AGGATAGC	TCGAGAGT	215
AGGATAGC	GATCAAGG	90
AGGATAGC	TACCGGAT	911
AGGATAGC	TGTTCCGT	265
AGGATAGC	CGGTAATC	122
AGGATAGC	GATCTTGC	314
AGGATAGC	ATCGTGGT	118
AGGATAGC	GCTACTCT	208
AGGATAGC	TAGCCATG	136
AGGATAGC	GTAGCGTA	589
AGGATAGC	TCTTCGAC	894
AGGATAGC	AACAGCGA	164
AGGATAGC	AGGATAGC	7177630
AGGATAGC	CGATCGAT	158
AGGATAGC	TCGGATTC	145
CGATCGAT	CTCTGGAT	669
CGATCGAT	TCGACAAG	68
CGATCGAT	CACTTCAC	71
CGATCGAT	AGAGTCCA	148
CGATCGAT	ATCATGCG	110
CGATCGAT	GTCCTAAG	121
CGATCGAT	CTAGCTCA	229
CGATCGAT	ACGATCAG	152
CGATCGAT	TATGGCAC	115
CGATCGAT	TCGAGAGT	165
CGATCGAT	GATCAAGG	89
CGATCGAT	TACCGGAT	1174
CGATCGAT	TGTTCCGT	294
CGATCGAT	CGGTAATC	122
CGATCGAT	GATCTTGC	76
CGATCGAT	ATCGTGGT	90
CGATCGAT	GCTACTCT	115
CGATCGAT	TAGCCATG	141
CGATCGAT	GTAGCGTA	117
CGATCGAT	TCTTCGAC	647
CGATCGAT	AACAGCGA	97
CGATCGAT	AGGATAGC	187
CGATCGAT	CGATCGAT	4804641
CGATCGAT	TCGGATTC	71
TCGGATTC	CTCTGGAT	322
TCGGATTC	TCGACAAG	39
TCGGATTC	CACTTCAC	65
TCGGATTC	AGAGTCCA	98
TCGGATTC	ATCATGCG	86
TCGGATTC	GTCCTAAG	81
TCGGATTC	CTAGCTCA	164
TCGGATTC	ACGATCAG	100
TCGGATTC	TATGGCAC	213
TCGGATTC	TCGAGAGT	110
TCGGATTC	GATCAAGG	62
TCGGATTC	TACCGGAT	525
TCGGATTC	TGTTCCGT	140
TCGGATTC	CGGTAATC	77
TCGGATTC	GATCTTGC	179
TCGGATTC	ATCGTGGT	58
TCGGATTC	GCTACTCT	51
TCGGATTC	TAGCCATG	78
TCGGATTC	GTAGCGTA	64
TCGGATTC	TCTTCGAC	589
TCGGATTC	AACAGCGA	683
TCGGATTC	AGGATAGC	132
TCGGATTC	CGATCGAT	159
TCGGATTC	TCGGATTC	3539195