GTAGCGTA	GTAGCGTA	6687193
GTAGCGTA	CGATCGAT	111
GTAGCGTA	GATCAAGG	124
GTAGCGTA	AACAGCGA	185
GTAGCGTA	TAGCCATG	140
GTAGCGTA	CGGTAATC	83
GTAGCGTA	CTCTGGAT	454
GTAGCGTA	TACCGGAT	990
GTAGCGTA	CTAGCTCA	422
GTAGCGTA	CACTTCAC	63
GTAGCGTA	GCTACTCT	1091
GTAGCGTA	ACGATCAG	533
GTAGCGTA	TATGGCAC	193
GTAGCGTA	TGTTCCGT	282
GTAGCGTA	GTCCTAAG	205
GTAGCGTA	TCGACAAG	54
GTAGCGTA	TCTTCGAC	599
GTAGCGTA	ATCATGCG	173
GTAGCGTA	ATCGTGGT	152
GTAGCGTA	TCGAGAGT	460
GTAGCGTA	TCGGATTC	77
GTAGCGTA	GATCTTGC	76
GTAGCGTA	AGAGTCCA	278
GTAGCGTA	AGGATAGC	168
CGATCGAT	GTAGCGTA	117
CGATCGAT	CGATCGAT	4804641
CGATCGAT	GATCAAGG	89
CGATCGAT	AACAGCGA	97
CGATCGAT	TAGCCATG	141
CGATCGAT	CGGTAATC	122
CGATCGAT	CTCTGGAT	669
CGATCGAT	TACCGGAT	1174
CGATCGAT	CTAGCTCA	229
CGATCGAT	CACTTCAC	71
CGATCGAT	GCTACTCT	115
CGATCGAT	ACGATCAG	152
CGATCGAT	TATGGCAC	115
CGATCGAT	TGTTCCGT	294
CGATCGAT	GTCCTAAG	121
CGATCGAT	TCGACAAG	68
CGATCGAT	TCTTCGAC	647
CGATCGAT	ATCATGCG	110
CGATCGAT	ATCGTGGT	90
CGATCGAT	TCGAGAGT	165
CGATCGAT	TCGGATTC	71
CGATCGAT	GATCTTGC	76
CGATCGAT	AGAGTCCA	148
CGATCGAT	AGGATAGC	187
GATCAAGG	GTAGCGTA	132
GATCAAGG	CGATCGAT	99
GATCAAGG	GATCAAGG	5397408
GATCAAGG	AACAGCGA	94
GATCAAGG	TAGCCATG	163
GATCAAGG	CGGTAATC	54
GATCAAGG	CTCTGGAT	354
GATCAAGG	TACCGGAT	749
GATCAAGG	CTAGCTCA	150
GATCAAGG	CACTTCAC	41
GATCAAGG	GCTACTCT	103
GATCAAGG	ACGATCAG	305
GATCAAGG	TATGGCAC	128
GATCAAGG	TGTTCCGT	177
GATCAAGG	GTCCTAAG	199
GATCAAGG	TCGACAAG	73
GATCAAGG	TCTTCGAC	12195
GATCAAGG	ATCATGCG	141
GATCAAGG	ATCGTGGT	254
GATCAAGG	TCGAGAGT	128
GATCAAGG	TCGGATTC	52
GATCAAGG	GATCTTGC	104
GATCAAGG	AGAGTCCA	108
GATCAAGG	AGGATAGC	113
AACAGCGA	GTAGCGTA	257
AACAGCGA	CGATCGAT	198
AACAGCGA	GATCAAGG	186
AACAGCGA	AACAGCGA	7243761
AACAGCGA	TAGCCATG	191
AACAGCGA	CGGTAATC	87
AACAGCGA	CTCTGGAT	624
AACAGCGA	TACCGGAT	1226
AACAGCGA	CTAGCTCA	325
AACAGCGA	CACTTCAC	80
AACAGCGA	GCTACTCT	121
AACAGCGA	ACGATCAG	268
AACAGCGA	TATGGCAC	252
AACAGCGA	TGTTCCGT	282
AACAGCGA	GTCCTAAG	179
AACAGCGA	TCGACAAG	74
AACAGCGA	TCTTCGAC	1230
AACAGCGA	ATCATGCG	328
AACAGCGA	ATCGTGGT	227
AACAGCGA	TCGAGAGT	207
AACAGCGA	TCGGATTC	236
AACAGCGA	GATCTTGC	427
AACAGCGA	AGAGTCCA	268
AACAGCGA	AGGATAGC	269
TAGCCATG	GTAGCGTA	150
TAGCCATG	CGATCGAT	83
TAGCCATG	GATCAAGG	181
TAGCCATG	AACAGCGA	114
TAGCCATG	TAGCCATG	8751449
TAGCCATG	CGGTAATC	73
TAGCCATG	CTCTGGAT	523
TAGCCATG	TACCGGAT	1221
TAGCCATG	CTAGCTCA	307
TAGCCATG	CACTTCAC	144
TAGCCATG	GCTACTCT	95
TAGCCATG	ACGATCAG	227
TAGCCATG	TATGGCAC	233
TAGCCATG	TGTTCCGT	282
TAGCCATG	GTCCTAAG	233
TAGCCATG	TCGACAAG	112
TAGCCATG	TCTTCGAC	675
TAGCCATG	ATCATGCG	218
TAGCCATG	ATCGTGGT	105
TAGCCATG	TCGAGAGT	189
TAGCCATG	TCGGATTC	100
TAGCCATG	GATCTTGC	87
TAGCCATG	AGAGTCCA	205
TAGCCATG	AGGATAGC	165
CGGTAATC	GTAGCGTA	71
CGGTAATC	CGATCGAT	104
CGGTAATC	GATCAAGG	76
CGGTAATC	AACAGCGA	56
CGGTAATC	TAGCCATG	188
CGGTAATC	CGGTAATC	3554041
CGGTAATC	CTCTGGAT	331
CGGTAATC	TACCGGAT	4763
CGGTAATC	CTAGCTCA	152
CGGTAATC	CACTTCAC	99
CGGTAATC	GCTACTCT	58
CGGTAATC	ACGATCAG	72
CGGTAATC	TATGGCAC	115
CGGTAATC	TGTTCCGT	128
CGGTAATC	GTCCTAAG	58
CGGTAATC	TCGACAAG	38
CGGTAATC	TCTTCGAC	604
CGGTAATC	ATCATGCG	75
CGGTAATC	ATCGTGGT	219
CGGTAATC	TCGAGAGT	94
CGGTAATC	TCGGATTC	83
CGGTAATC	GATCTTGC	62
CGGTAATC	AGAGTCCA	76
CGGTAATC	AGGATAGC	146
CTCTGGAT	GTAGCGTA	635
CTCTGGAT	CGATCGAT	1090
CTCTGGAT	GATCAAGG	437
CTCTGGAT	AACAGCGA	528
CTCTGGAT	TAGCCATG	688
CTCTGGAT	CGGTAATC	491
CTCTGGAT	CTCTGGAT	28673099
CTCTGGAT	TACCGGAT	6874
CTCTGGAT	CTAGCTCA	1713
CTCTGGAT	CACTTCAC	367
CTCTGGAT	GCTACTCT	1688
CTCTGGAT	ACGATCAG	695
CTCTGGAT	TATGGCAC	929
CTCTGGAT	TGTTCCGT	1323
CTCTGGAT	GTCCTAAG	651
CTCTGGAT	TCGACAAG	309
CTCTGGAT	TCTTCGAC	3279
CTCTGGAT	ATCATGCG	648
CTCTGGAT	ATCGTGGT	544
CTCTGGAT	TCGAGAGT	1324
CTCTGGAT	TCGGATTC	472
CTCTGGAT	GATCTTGC	361
CTCTGGAT	AGAGTCCA	1154
CTCTGGAT	AGGATAGC	582
TACCGGAT	GTAGCGTA	1026
TACCGGAT	CGATCGAT	1112
TACCGGAT	GATCAAGG	1015
TACCGGAT	AACAGCGA	1044
TACCGGAT	TAGCCATG	2198
TACCGGAT	CGGTAATC	1861
TACCGGAT	CTCTGGAT	6958
TACCGGAT	TACCGGAT	59072947
TACCGGAT	CTAGCTCA	2467
TACCGGAT	CACTTCAC	741
TACCGGAT	GCTACTCT	925
TACCGGAT	ACGATCAG	1330
TACCGGAT	TATGGCAC	2147
TACCGGAT	TGTTCCGT	2818
TACCGGAT	GTCCTAAG	1196
TACCGGAT	TCGACAAG	601
TACCGGAT	TCTTCGAC	6808
TACCGGAT	ATCATGCG	1204
TACCGGAT	ATCGTGGT	1200
TACCGGAT	TCGAGAGT	2037
TACCGGAT	TCGGATTC	844
TACCGGAT	GATCTTGC	650
TACCGGAT	AGAGTCCA	1389
TACCGGAT	AGGATAGC	1264
CTAGCTCA	GTAGCGTA	686
CTAGCTCA	CGATCGAT	290
CTAGCTCA	GATCAAGG	260
CTAGCTCA	AACAGCGA	315
CTAGCTCA	TAGCCATG	438
CTAGCTCA	CGGTAATC	212
CTAGCTCA	CTCTGGAT	2391
CTAGCTCA	TACCGGAT	2370
CTAGCTCA	CTAGCTCA	14921008
CTAGCTCA	CACTTCAC	170
CTAGCTCA	GCTACTCT	1165
CTAGCTCA	ACGATCAG	435
CTAGCTCA	TATGGCAC	455
CTAGCTCA	TGTTCCGT	523
CTAGCTCA	GTCCTAAG	355
CTAGCTCA	TCGACAAG	11225
CTAGCTCA	TCTTCGAC	1324
CTAGCTCA	ATCATGCG	1279
CTAGCTCA	ATCGTGGT	270
CTAGCTCA	TCGAGAGT	654
CTAGCTCA	TCGGATTC	226
CTAGCTCA	GATCTTGC	192
CTAGCTCA	AGAGTCCA	589
CTAGCTCA	AGGATAGC	311
CACTTCAC	GTAGCGTA	64
CACTTCAC	CGATCGAT	100
CACTTCAC	GATCAAGG	62
CACTTCAC	AACAGCGA	57
CACTTCAC	TAGCCATG	2451
CACTTCAC	CGGTAATC	132
CACTTCAC	CTCTGGAT	348
CACTTCAC	TACCGGAT	526
CACTTCAC	CTAGCTCA	175
CACTTCAC	CACTTCAC	3233197
CACTTCAC	GCTACTCT	49
CACTTCAC	ACGATCAG	210
CACTTCAC	TATGGCAC	197
CACTTCAC	TGTTCCGT	148
CACTTCAC	GTCCTAAG	61
CACTTCAC	TCGACAAG	34
CACTTCAC	TCTTCGAC	510
CACTTCAC	ATCATGCG	82
CACTTCAC	ATCGTGGT	54
CACTTCAC	TCGAGAGT	72
CACTTCAC	TCGGATTC	87
CACTTCAC	GATCTTGC	51
CACTTCAC	AGAGTCCA	91
CACTTCAC	AGGATAGC	119
GCTACTCT	GTAGCGTA	423
GCTACTCT	CGATCGAT	111
GCTACTCT	GATCAAGG	104
GCTACTCT	AACAGCGA	136
GCTACTCT	TAGCCATG	143
GCTACTCT	CGGTAATC	70
GCTACTCT	CTCTGGAT	629
GCTACTCT	TACCGGAT	939
GCTACTCT	CTAGCTCA	337
GCTACTCT	CACTTCAC	46
GCTACTCT	GCTACTCT	5483667
GCTACTCT	ACGATCAG	202
GCTACTCT	TATGGCAC	166
GCTACTCT	TGTTCCGT	310
GCTACTCT	GTCCTAAG	153
GCTACTCT	TCGACAAG	43
GCTACTCT	TCTTCGAC	525
GCTACTCT	ATCATGCG	152
GCTACTCT	ATCGTGGT	108
GCTACTCT	TCGAGAGT	230
GCTACTCT	TCGGATTC	73
GCTACTCT	GATCTTGC	86
GCTACTCT	AGAGTCCA	248
GCTACTCT	AGGATAGC	125
ACGATCAG	GTAGCGTA	163
ACGATCAG	CGATCGAT	227
ACGATCAG	GATCAAGG	175
ACGATCAG	AACAGCGA	140
ACGATCAG	TAGCCATG	272
ACGATCAG	CGGTAATC	122
ACGATCAG	CTCTGGAT	541
ACGATCAG	TACCGGAT	1170
ACGATCAG	CTAGCTCA	300
ACGATCAG	CACTTCAC	110
ACGATCAG	GCTACTCT	159
ACGATCAG	ACGATCAG	6767118
ACGATCAG	TATGGCAC	228
ACGATCAG	TGTTCCGT	292
ACGATCAG	GTCCTAAG	260
ACGATCAG	TCGACAAG	187
ACGATCAG	TCTTCGAC	641
ACGATCAG	ATCATGCG	262
ACGATCAG	ATCGTGGT	133
ACGATCAG	TCGAGAGT	279
ACGATCAG	TCGGATTC	85
ACGATCAG	GATCTTGC	80
ACGATCAG	AGAGTCCA	246
ACGATCAG	AGGATAGC	210
TATGGCAC	GTAGCGTA	189
TATGGCAC	CGATCGAT	148
TATGGCAC	GATCAAGG	187
TATGGCAC	AACAGCGA	385
TATGGCAC	TAGCCATG	295
TATGGCAC	CGGTAATC	186
TATGGCAC	CTCTGGAT	872
TATGGCAC	TACCGGAT	2514
TATGGCAC	CTAGCTCA	407
TATGGCAC	CACTTCAC	261
TATGGCAC	GCTACTCT	150
TATGGCAC	ACGATCAG	306
TATGGCAC	TATGGCAC	9024175
TATGGCAC	TGTTCCGT	70551
TATGGCAC	GTCCTAAG	467
TATGGCAC	TCGACAAG	127
TATGGCAC	TCTTCGAC	2414
TATGGCAC	ATCATGCG	253
TATGGCAC	ATCGTGGT	178
TATGGCAC	TCGAGAGT	555
TATGGCAC	TCGGATTC	680
TATGGCAC	GATCTTGC	211
TATGGCAC	AGAGTCCA	232
TATGGCAC	AGGATAGC	351
TGTTCCGT	GTAGCGTA	295
TGTTCCGT	CGATCGAT	303
TGTTCCGT	GATCAAGG	195
TGTTCCGT	AACAGCGA	522
TGTTCCGT	TAGCCATG	320
TGTTCCGT	CGGTAATC	134
TGTTCCGT	CTCTGGAT	1082
TGTTCCGT	TACCGGAT	2567
TGTTCCGT	CTAGCTCA	509
TGTTCCGT	CACTTCAC	149
TGTTCCGT	GCTACTCT	248
TGTTCCGT	ACGATCAG	299
TGTTCCGT	TATGGCAC	68402
TGTTCCGT	TGTTCCGT	13432181
TGTTCCGT	GTCCTAAG	226
TGTTCCGT	TCGACAAG	128
TGTTCCGT	TCTTCGAC	1457
TGTTCCGT	ATCATGCG	387
TGTTCCGT	ATCGTGGT	252
TGTTCCGT	TCGAGAGT	535
TGTTCCGT	TCGGATTC	618
TGTTCCGT	GATCTTGC	206
TGTTCCGT	AGAGTCCA	462
TGTTCCGT	AGGATAGC	302
GTCCTAAG	GTAGCGTA	190
GTCCTAAG	CGATCGAT	148
GTCCTAAG	GATCAAGG	225
GTCCTAAG	AACAGCGA	255
GTCCTAAG	TAGCCATG	222
GTCCTAAG	CGGTAATC	83
GTCCTAAG	CTCTGGAT	538
GTCCTAAG	TACCGGAT	1116
GTCCTAAG	CTAGCTCA	260
GTCCTAAG	CACTTCAC	65
GTCCTAAG	GCTACTCT	146
GTCCTAAG	ACGATCAG	199
GTCCTAAG	TATGGCAC	5453
GTCCTAAG	TGTTCCGT	581
GTCCTAAG	GTCCTAAG	7272561
GTCCTAAG	TCGACAAG	104
GTCCTAAG	TCTTCGAC	641
GTCCTAAG	ATCATGCG	207
GTCCTAAG	ATCGTGGT	107
GTCCTAAG	TCGAGAGT	184
GTCCTAAG	TCGGATTC	186
GTCCTAAG	GATCTTGC	109
GTCCTAAG	AGAGTCCA	168
GTCCTAAG	AGGATAGC	151
TCGACAAG	GTAGCGTA	56
TCGACAAG	CGATCGAT	57
TCGACAAG	GATCAAGG	66
TCGACAAG	AACAGCGA	49
TCGACAAG	TAGCCATG	142
TCGACAAG	CGGTAATC	30
TCGACAAG	CTCTGGAT	237
TCGACAAG	TACCGGAT	417
TCGACAAG	CTAGCTCA	125
TCGACAAG	CACTTCAC	19
TCGACAAG	GCTACTCT	51
TCGACAAG	ACGATCAG	140
TCGACAAG	TATGGCAC	88
TCGACAAG	TGTTCCGT	98
TCGACAAG	GTCCTAAG	131
TCGACAAG	TCGACAAG	3117155
TCGACAAG	TCTTCGAC	329
TCGACAAG	ATCATGCG	6450
TCGACAAG	ATCGTGGT	51
TCGACAAG	TCGAGAGT	156
TCGACAAG	TCGGATTC	58
TCGACAAG	GATCTTGC	31
TCGACAAG	AGAGTCCA	74
TCGACAAG	AGGATAGC	94
TCTTCGAC	GTAGCGTA	667
TCTTCGAC	CGATCGAT	665
TCTTCGAC	GATCAAGG	1232
TCTTCGAC	AACAGCGA	510
TCTTCGAC	TAGCCATG	867
TCTTCGAC	CGGTAATC	645
TCTTCGAC	CTCTGGAT	3159
TCTTCGAC	TACCGGAT	5446
TCTTCGAC	CTAGCTCA	1431
TCTTCGAC	CACTTCAC	508
TCTTCGAC	GCTACTCT	611
TCTTCGAC	ACGATCAG	911
TCTTCGAC	TATGGCAC	1576
TCTTCGAC	TGTTCCGT	1641
TCTTCGAC	GTCCTAAG	680
TCTTCGAC	TCGACAAG	474
TCTTCGAC	TCTTCGAC	34970711
TCTTCGAC	ATCATGCG	762
TCTTCGAC	ATCGTGGT	3447
TCTTCGAC	TCGAGAGT	1411
TCTTCGAC	TCGGATTC	851
TCTTCGAC	GATCTTGC	596
TCTTCGAC	AGAGTCCA	780
TCTTCGAC	AGGATAGC	1104
ATCATGCG	GTAGCGTA	155
ATCATGCG	CGATCGAT	135
ATCATGCG	GATCAAGG	289
ATCATGCG	AACAGCGA	266
ATCATGCG	TAGCCATG	478
ATCATGCG	CGGTAATC	107
ATCATGCG	CTCTGGAT	709
ATCATGCG	TACCGGAT	1189
ATCATGCG	CTAGCTCA	375
ATCATGCG	CACTTCAC	99
ATCATGCG	GCTACTCT	169
ATCATGCG	ACGATCAG	431
ATCATGCG	TATGGCAC	505
ATCATGCG	TGTTCCGT	349
ATCATGCG	GTCCTAAG	335
ATCATGCG	TCGACAAG	185
ATCATGCG	TCTTCGAC	923
ATCATGCG	ATCATGCG	8227480
ATCATGCG	ATCGTGGT	232
ATCATGCG	TCGAGAGT	231
ATCATGCG	TCGGATTC	100
ATCATGCG	GATCTTGC	141
ATCATGCG	AGAGTCCA	278
ATCATGCG	AGGATAGC	318
ATCGTGGT	GTAGCGTA	130
ATCGTGGT	CGATCGAT	128
ATCGTGGT	GATCAAGG	430
ATCGTGGT	AACAGCGA	110
ATCGTGGT	TAGCCATG	130
ATCGTGGT	CGGTAATC	97
ATCGTGGT	CTCTGGAT	662
ATCGTGGT	TACCGGAT	1031
ATCGTGGT	CTAGCTCA	214
ATCGTGGT	CACTTCAC	39
ATCGTGGT	GCTACTCT	118
ATCGTGGT	ACGATCAG	172
ATCGTGGT	TATGGCAC	164
ATCGTGGT	TGTTCCGT	203
ATCGTGGT	GTCCTAAG	87
ATCGTGGT	TCGACAAG	66
ATCGTGGT	TCTTCGAC	817
ATCGTGGT	ATCATGCG	163
ATCGTGGT	ATCGTGGT	5609274
ATCGTGGT	TCGAGAGT	262
ATCGTGGT	TCGGATTC	81
ATCGTGGT	GATCTTGC	76
ATCGTGGT	AGAGTCCA	166
ATCGTGGT	AGGATAGC	153
TCGAGAGT	GTAGCGTA	197
TCGAGAGT	CGATCGAT	190
TCGAGAGT	GATCAAGG	137
TCGAGAGT	AACAGCGA	173
TCGAGAGT	TAGCCATG	203
TCGAGAGT	CGGTAATC	136
TCGAGAGT	CTCTGGAT	989
TCGAGAGT	TACCGGAT	1807
TCGAGAGT	CTAGCTCA	410
TCGAGAGT	CACTTCAC	72
TCGAGAGT	GCTACTCT	349
TCGAGAGT	ACGATCAG	361
TCGAGAGT	TATGGCAC	240
TCGAGAGT	TGTTCCGT	503
TCGAGAGT	GTCCTAAG	193
TCGAGAGT	TCGACAAG	145
TCGAGAGT	TCTTCGAC	955
TCGAGAGT	ATCATGCG	194
TCGAGAGT	ATCGTGGT	259
TCGAGAGT	TCGAGAGT	8989830
TCGAGAGT	TCGGATTC	210
TCGAGAGT	GATCTTGC	105
TCGAGAGT	AGAGTCCA	223
TCGAGAGT	AGGATAGC	262
TCGGATTC	GTAGCGTA	64
TCGGATTC	CGATCGAT	159
TCGGATTC	GATCAAGG	62
TCGGATTC	AACAGCGA	683
TCGGATTC	TAGCCATG	78
TCGGATTC	CGGTAATC	77
TCGGATTC	CTCTGGAT	322
TCGGATTC	TACCGGAT	525
TCGGATTC	CTAGCTCA	164
TCGGATTC	CACTTCAC	65
TCGGATTC	GCTACTCT	51
TCGGATTC	ACGATCAG	100
TCGGATTC	TATGGCAC	213
TCGGATTC	TGTTCCGT	140
TCGGATTC	GTCCTAAG	81
TCGGATTC	TCGACAAG	39
TCGGATTC	TCTTCGAC	589
TCGGATTC	ATCATGCG	86
TCGGATTC	ATCGTGGT	58
TCGGATTC	TCGAGAGT	110
TCGGATTC	TCGGATTC	3539195
TCGGATTC	GATCTTGC	179
TCGGATTC	AGAGTCCA	98
TCGGATTC	AGGATAGC	132
GATCTTGC	GTAGCGTA	92
GATCTTGC	CGATCGAT	131
GATCTTGC	GATCAAGG	84
GATCTTGC	AACAGCGA	97
GATCTTGC	TAGCCATG	65
GATCTTGC	CGGTAATC	64
GATCTTGC	CTCTGGAT	221
GATCTTGC	TACCGGAT	415
GATCTTGC	CTAGCTCA	119
GATCTTGC	CACTTCAC	53
GATCTTGC	GCTACTCT	69
GATCTTGC	ACGATCAG	79
GATCTTGC	TATGGCAC	143
GATCTTGC	TGTTCCGT	101
GATCTTGC	GTCCTAAG	87
GATCTTGC	TCGACAAG	25
GATCTTGC	TCTTCGAC	382
GATCTTGC	ATCATGCG	125
GATCTTGC	ATCGTGGT	39
GATCTTGC	TCGAGAGT	84
GATCTTGC	TCGGATTC	48
GATCTTGC	GATCTTGC	3104746
GATCTTGC	AGAGTCCA	102
GATCTTGC	AGGATAGC	222
AGAGTCCA	GTAGCGTA	732
AGAGTCCA	CGATCGAT	149
AGAGTCCA	GATCAAGG	125
AGAGTCCA	AACAGCGA	274
AGAGTCCA	TAGCCATG	204
AGAGTCCA	CGGTAATC	102
AGAGTCCA	CTCTGGAT	566
AGAGTCCA	TACCGGAT	1254
AGAGTCCA	CTAGCTCA	570
AGAGTCCA	CACTTCAC	94
AGAGTCCA	GCTACTCT	170
AGAGTCCA	ACGATCAG	332
AGAGTCCA	TATGGCAC	252
AGAGTCCA	TGTTCCGT	367
AGAGTCCA	GTCCTAAG	158
AGAGTCCA	TCGACAAG	70
AGAGTCCA	TCTTCGAC	721
AGAGTCCA	ATCATGCG	218
AGAGTCCA	ATCGTGGT	174
AGAGTCCA	TCGAGAGT	636
AGAGTCCA	TCGGATTC	108
AGAGTCCA	GATCTTGC	91
AGAGTCCA	AGAGTCCA	9139457
AGAGTCCA	AGGATAGC	245
AGGATAGC	GTAGCGTA	589
AGGATAGC	CGATCGAT	158
AGGATAGC	GATCAAGG	90
AGGATAGC	AACAGCGA	164
AGGATAGC	TAGCCATG	136
AGGATAGC	CGGTAATC	122
AGGATAGC	CTCTGGAT	432
AGGATAGC	TACCGGAT	911
AGGATAGC	CTAGCTCA	266
AGGATAGC	CACTTCAC	182
AGGATAGC	GCTACTCT	208
AGGATAGC	ACGATCAG	272
AGGATAGC	TATGGCAC	281
AGGATAGC	TGTTCCGT	265
AGGATAGC	GTCCTAAG	118
AGGATAGC	TCGACAAG	60
AGGATAGC	TCTTCGAC	894
AGGATAGC	ATCATGCG	259
AGGATAGC	ATCGTGGT	118
AGGATAGC	TCGAGAGT	215
AGGATAGC	TCGGATTC	145
AGGATAGC	GATCTTGC	314
AGGATAGC	AGAGTCCA	242
AGGATAGC	AGGATAGC	7177630